"evaldata","gpa","grit","materialHardship","eviction","layoff","jobTraining"
"leaderboard",0.39273,0.21997,0.0288,0.05341,0.17435,0.20224
"holdout",0.425148881,0.252983596,0.024905617,0.055457913,0.167223718,0.185329492
